<?xml version="1.0"?>
<package>
    <name>File_System</name>
    <version>1.0.0</version>
    <stability>stable</stability>
    <license uri="http://www.opensource.org/licenses/OSL-3.0">OSL-3.0</license>
    <channel>community</channel>
    <extends/>
    <summary>Magpleasure File System is a professional tool that is aimed at Magento files' editing straight from the administrative panel. It can be convenient to use it, when slight changes should be made to the system files. Then ftp or ssh connections are too expensive and difficult to use. Using File System you can easily do all the necessary operations</summary>
    <description>Magpleasure File System is a professional tool that is aimed at Magento files' editing straight from the administrative panel. It can be convenient to use it, when slight changes should be made to the system files. Then ftp or ssh connections are too expensive and difficult to use. Using File System you can easily do all the necessary operations.&#xD;
&#xD;
To use this tool you just have to install it to the system. In administrative part there will be a new menu point Filesystem-&gt;IDE. Entering that, you will see a tree of files of your shop and space for editing. Choose the file in the tree and click on it. It will open in the space for editing and after you make all necessary changes in the file - click "Save" that is situated above the space for editing. File will be saved.</description>
    <notes>Easy to install and use</notes>
    <authors><author><name>MagPleasure</name><user>auto-converted</user><email>magpleasure@gmail.com</email></author></authors>
    <date>2011-08-11</date>
    <time>21:19:38</time>
    <contents><target name="mageetc"><dir name="modules"><file name="Magpleasure_Filesystem.xml" hash="98543bd69b1e168feb387e0cae0193cc"/></dir></target><target name="magecommunity"><dir name="Magpleasure"><dir name="Filesystem"><dir name="Block"><dir name="Adminhtml"><dir name="Ide"><file name="Editor.php" hash="8b70f3b67ffd4dff4d754d724e912963"/><file name="Tree.php" hash="7493dec0cd4314d1deabe71561734853"/></dir><file name="Ide.php" hash="d0e1e037585237ea7978db7e97500158"/></dir></dir><dir name="Helper"><file name="Data.php" hash="ffc2722c341b483babc1625158d58e8a"/></dir><dir name="Model"><file name="Tree.php" hash="b8ec9f53abac557af7d054dab129ae0a"/></dir><dir name="controllers"><dir name="Adminhtml"><file name="FilesystemController.php" hash="2843314f3426ac7676f0c67e32a2e109"/></dir></dir><dir name="etc"><file name="adminhtml.xml" hash="ca6f31fbac9c8e75dfc4326ceb8ad27a"/><file name="config.xml" hash="80d4788f6affdb5b172c01eed7653c82"/><file name="system.xml" hash="93ca24c3fd3c8091ef42ecbba17b9998"/></dir><dir name="sql"><dir name="filesystem_setup"><file name="mysql4-install-1.0.php" hash="459152f438956f06a1b041a0accf2c48"/></dir></dir></dir></dir></target><target name="magedesign"><dir name="adminhtml"><dir name="default"><dir name="default"><dir name="template"><dir name="filesystem"><dir name="ide"><file name="editor.phtml" hash="69e9fb1a3c47d7f4d47bca88672767e9"/><file name="tree.phtml" hash="bb473af2171f0b2d8834996b0dfed728"/></dir><file name="ide.phtml" hash="de40e983b28cc354be7ec9df3ff693cf"/><file name="wrapper.phtml" hash="efde22d760dcb963e9d9a8e66ed48bb1"/></dir></dir><dir name="layout"><file name="filesystem.xml" hash="1db211995473c38d540bb9fdb83c7345"/></dir></dir></dir></dir></target><target name="mage"><dir name="js"><dir name="filesystem"><file name="base64.js" hash="cc5d6affe9552d51419d8e48bc85569f"/><file name="jquery-1.4.2.min.js" hash="c2fbf31e78d28fbd78598cb1d56dc939"/><file name="jqueryfiletree.js" hash="54f4d5be8818e449f7e9ed47198d845f"/><file name="script.coffee" hash="645469ffb0829c347e797d41de359b1e"/><file name="script.js" hash="835d9eaf2df1d7e1567b437acd477b72"/></dir><dir name="editarea"><dir name="images"><file name="autocompletion.gif" hash="a49a7f9395b32bcf6aa8e143e17c03ff"/><file name="close.gif" hash="6cc9d27bdda91ad192a4326a653ba566"/><file name="fullscreen.gif" hash="88d0dd1d465c2989dc04cb8f4473f6b9"/><file name="go_to_line.gif" hash="05aa7fa3c6c720595bb3ead7366bbe07"/><file name="help.gif" hash="4cd4a5d2cdcd74c8aeced17813afd6ea"/><file name="highlight.gif" hash="96382d6d24bb8a1b228586b323e72fb4"/><file name="load.gif" hash="203725593d5c7412fc51aa603434f96f"/><file name="move.gif" hash="0da84ad6a24533d4335cef8255101edc"/><file name="newdocument.gif" hash="24b01aa27845c551f24a186a92cbc94e"/><file name="opacity.png" hash="7f1c7b1ff1f3e04828540f6ffdde46c2"/><file name="processing.gif" hash="40418383947fe6335056fce05abe44a2"/><file name="redo.gif" hash="c2b3b80e20aa7f50ec45acb999373425"/><file name="reset_highlight.gif" hash="e9c387cc80f33b14447b628df1906639"/><file name="save.gif" hash="2392d13d22fec22e69add07becf83e20"/><file name="search.gif" hash="791e640ca1b345a84084eb611004de98"/><file name="smooth_selection.gif" hash="e6a384f19aef7c0fb2f2e0ee0bdc72e0"/><file name="spacer.gif" hash="12bf9e19374920de3146a64775f46a5e"/><file name="statusbar_resize.gif" hash="1b952cd23844b834e0a307db3c803626"/><file name="undo.gif" hash="7883b9e1f9bf0b860e77b904e1941591"/><file name="word_wrap.gif" hash="47bd30f6fe667d34f37230b01544595a"/></dir><dir name="langs"><file name="bg.js" hash="d7613d13ccef5b0d7bfec0d61301e8c7"/><file name="cs.js" hash="054fcae90443c23509c4a7ffe9be8958"/><file name="de.js" hash="654352394ecbb6415ea6c2556545172a"/><file name="dk.js" hash="f9436cf9e8ba589793d85778f6d05b6f"/><file name="en.js" hash="7f1abf7cbaaace2137ecab2656884179"/><file name="eo.js" hash="df04844abb0ad6bbfd3728d8400631bf"/><file name="es.js" hash="c51c4378eec18a18367db665c5da1381"/><file name="fi.js" hash="5a1e1631b0c99a280967e804cfd43a4b"/><file name="fr.js" hash="995ddf53def8281d7391bdb14b9081ac"/><file name="hr.js" hash="c5b57293d0f05f2eee99c70dc574e936"/><file name="it.js" hash="b161e85ab71735466852aa23d8aee93a"/><file name="ja.js" hash="5c1595a62797dbcb5b630f7e3df9eb30"/><file name="mk.js" hash="709e6e248ea163f1873c362b65129d8f"/><file name="nl.js" hash="63a7456e816d5d2dee7dddd9ca85f3b4"/><file name="pl.js" hash="f9db99b4db54ebd1c010e1e110c313f0"/><file name="pt.js" hash="89aff336ff4e1fd47758fa5d04d3596a"/><file name="ru.js" hash="845dbac0b57ca995e0f38d354f6b7491"/><file name="sk.js" hash="8a9d8a478b3b107d81c395790b7757fe"/><file name="zh.js" hash="af7516a107d8df7d6e3846bba0b512c3"/></dir><dir name="plugins"><dir name="charmap"><dir name="css"><file name="charmap.css" hash="84eed9f0eaf34e71f528444d0fbd729c"/></dir><dir name="images"><file name="charmap.gif" hash="948c608cfe393168642e3946097eba3d"/></dir><dir name="jscripts"><file name="map.js" hash="071107a09c753f3d2e88d0b99aa61820"/></dir><dir name="langs"><file name="bg.js" hash="a4c60ccea1575a77c43c964ab1d78a62"/><file name="cs.js" hash="d578b06a1b41e5da773ddb688d98bdd9"/><file name="de.js" hash="b93418619c8678c6505c023b1072b80b"/><file name="dk.js" hash="e6395e180e9b9bd87a7e96cf745b101e"/><file name="en.js" hash="17a20a2e46b7de8d7fa5370a9bf6b294"/><file name="eo.js" hash="0cc471de01b7ad207df32c450682cd3d"/><file name="es.js" hash="ea43e35253952cc33c85d3fe7c9bb27b"/><file name="fr.js" hash="96c4acb5f590d7b403d3b0e319dfb349"/><file name="hr.js" hash="578178183db00474dfa660f616db86ae"/><file name="it.js" hash="433ac140154e12f5423b226c6ed8e148"/><file name="ja.js" hash="fc17e42e8ce2ac676f885d332244cbaa"/><file name="mk.js" hash="4cc7a175a342f413101db66013f09900"/><file name="nl.js" hash="0e717e403d8c8f53e4376c3b4e09d6fd"/><file name="pl.js" hash="52627faf46a7b1f8b8f5110358d224cf"/><file name="pt.js" hash="9828da57868e6192b5c921400ab87d1f"/><file name="ru.js" hash="67e1426c248ee6fe6274ee2fed23df22"/><file name="sk.js" hash="3da0f484cce154d5a8f06572ac5a8461"/><file name="zh.js" hash="50f6ecf19890d2cd305357ca9679684c"/></dir><file name="charmap.js" hash="15d5626b8375004c217dec10ce1346a4"/><file name="popup.html" hash="7d97c56e6f29a3cdaacb934793133188"/></dir><dir name="test"><dir name="css"><file name="test.css" hash="c6d48fc50bb974b20bec7731e312f5de"/></dir><dir name="images"><file name="Thumbs.db" hash="7e5f877400e178710b38e449a474e95c"/><file name="test.gif" hash="6036655a01df362267183a8b23fead10"/></dir><dir name="langs"><file name="bg.js" hash="d7123a41255600449aec9fc1f301c147"/><file name="cs.js" hash="1cefb4fd6e169dfe1950c35b4aff1eba"/><file name="de.js" hash="7a7675c982dd18be1ced114aa70daafb"/><file name="dk.js" hash="488f8af5a93283499dfebe551fb7f4ed"/><file name="en.js" hash="acb2b331564a8dc553302aa46d5f5d36"/><file name="eo.js" hash="a010b4aa33bb848a8b16793910eb05ac"/><file name="es.js" hash="687fba1e66bc7ef6cec32cb208e2b1d7"/><file name="fr.js" hash="7091caec9d5c627073e728ab74a3a5bd"/><file name="hr.js" hash="152f29d20c99cb7d337f0f369dd71ceb"/><file name="it.js" hash="7de5456ada17577d4fcbbfc619324662"/><file name="ja.js" hash="5ccb36b44757fc4e514498c4f447577c"/><file name="mk.js" hash="7a5f9fbf31ac0783d92fcaed1f1c8295"/><file name="nl.js" hash="4b3627381f170e533d9eb767487f33d3"/><file name="pl.js" hash="255f97808244326878b647cecb64aebc"/><file name="pt.js" hash="dcbf418e8f05db1ef7b13cbc8e03782b"/><file name="ru.js" hash="37a504c426450b8e738f7ebbd3ee7587"/><file name="sk.js" hash="1e7b4e0b10b36b9d63edc4d6bfeea172"/><file name="zh.js" hash="0a68369b57f733e07b1eb10c1c238d95"/></dir><file name="test.js" hash="8559ea076cd3f47bac8540f91369e7c6"/><file name="test2.js" hash="9bef02a43a1bd789ec6534f20fbbfc5d"/></dir></dir><dir name="reg_syntax"><file name="basic.js" hash="f0ed7d9db38c7e19500f3ae24ce8070d"/><file name="brainfuck.js" hash="2288f1fd8cbc73f0e9d83482a63bc052"/><file name="c.js" hash="0326272143d7da7d389dda599beb9741"/><file name="coldfusion.js" hash="cfbe2f8431d9db31f1c0cecba4f9132f"/><file name="cpp.js" hash="681cb786b90dffaa802e19e9fc1540d0"/><file name="css.js" hash="2423a68fc6e68e8939f086f7f4650a0a"/><file name="html.js" hash="41b34e112b315e9c253e517c13ea3f89"/><file name="java.js" hash="53eb7c1d234ce09c47f594afd1ca33ab"/><file name="js.js" hash="eabb555dd63215b90166b10f804dd82f"/><file name="pas.js" hash="edd6b673fffc61524a819e6f7149591f"/><file name="perl.js" hash="8e02f4085ed1905ae021bca2ed6d20e7"/><file name="php.js" hash="d92554e80c611fbf93acb382df630594"/><file name="phtml.js" hash="04188805ef86be79b487354595221b1c"/><file name="python.js" hash="d28824657a848d1c0c27db34a321c288"/><file name="robotstxt.js" hash="824adf3afce71d12f6938bf3f6a68ae4"/><file name="ruby.js" hash="d326b7980bf1d0935e20e8e879a8b639"/><file name="sql.js" hash="b0cd0aec21393b97d773b332765a64b3"/><file name="tsql.js" hash="e8cb949959a9a2db54bb563a83204698"/><file name="vb.js" hash="6aefca10f8a4636ae9aeac6fcf298cf2"/><file name="xml.js" hash="ace3c628ad2ed1fef37a56acf3a1a6e8"/></dir><file name="autocompletion.js" hash="59ad980168ca2232f8fae535601f8c4d"/><file name="edit_area.css" hash="4001c368812c08ef2fe578cbf6b9d2c9"/><file name="edit_area.js" hash="0b0fcb249340674909ef7c1e5796de13"/><file name="edit_area_compressor.php" hash="2e0662078bda7fe736e537148e0fcee1"/><file name="edit_area_full.gz" hash="849fe923d272dc3691ab4aa33ed284d0"/><file name="edit_area_full.js" hash="411a93f72136ea38cf55a0321a505310"/><file name="edit_area_functions.js" hash="b33b59e5d5e457e493d8339a6c421248"/><file name="edit_area_loader.js" hash="2f5f212cc4a634a9dfa91dcfc32534e7"/><file name="elements_functions.js" hash="17e5e75bf6ca245789ab40cbbcb89691"/><file name="highlight.js" hash="60f2bf36aa2057b6974b70201b792981"/><file name="keyboard.js" hash="2ed537260bf1c35d99b404ed65995d1f"/><file name="license_apache.txt" hash="6801d33208f92d46a5706709e670b033"/><file name="license_bsd.txt" hash="c60b8e36d1ed6279b060df62b0da2d8f"/><file name="license_lgpl.txt" hash="c73b943dc75f6f65e007c56ac6515c8f"/><file name="manage_area.js" hash="d74ca531240a0c5ae6e24353c3ce938a"/><file name="reg_syntax.js" hash="7835f853ba88e50e0e2020fcf1d2d7c1"/><file name="regexp.js" hash="8bfa979620a145af0f8127a9b9e48ba0"/><file name="resize_area.js" hash="9d4b563f87bc5c94ad6c8d6a32115c42"/><file name="search_replace.js" hash="ec28741bef5cdd22aa5faed230756ec8"/><file name="template.html" hash="05b56dbadbb8de1fcb2ff4b7c933810f"/></dir></dir></target><target name="mageskin"><dir name="adminhtml"><dir name="default"><dir name="default"><dir name="filesystem"><dir name="css"><file name="jqueryfiletree.css" hash="63777b608ccc6d5b0ca57663367f4771"/><file name="styles.css" hash="73cb6063cb849867869901703d8867eb"/></dir><dir name="images"><file name="application.png" hash="fc517da02d6a64a68e5fea9a5de472f1"/><file name="code.png" hash="c65fadae5a0fc27f401f1a00e66f518f"/><file name="css.png" hash="783f5b06082bf73e9d1eaf79d838162f"/><file name="db.png" hash="03e2b564224bfb58ff20904bda244043"/><file name="directory.png" hash="fbd3929a893b147ae0940d48d533e023"/><file name="doc.png" hash="38af291953d5b90b0aee30dd0d2126a4"/><file name="file.png" hash="a3112ba7e266938321394347e2a6e107"/><file name="film.png" hash="5ad12582e3ca901894737c3dd44a5eb2"/><file name="flash.png" hash="132a505684e7b7b91f50ea29c072112b"/><file name="folder_open.png" hash="bf30d89d69dddfbd8e5f805a199c407f"/><file name="html.png" hash="12ace1a918403049a6d2fc152f53baec"/><file name="java.png" hash="ac467ef8defc620b6b5eb80d2047bcb7"/><file name="linux.png" hash="73c25b185fb78cc690675cd4a181ee0b"/><file name="music.png" hash="bd2244ac282a5ada48b0d79cacc59426"/><file name="pdf.png" hash="5ee15843554004d12736f0404f8d443a"/><file name="php.png" hash="48cda2a2a54a31f7a666547c862c12e7"/><file name="phtml.png" hash="48cda2a2a54a31f7a666547c862c12e7"/><file name="picture.png" hash="d2040c34ba1ffd8fa5b72ab37be11eca"/><file name="ppt.png" hash="8c366c11adee3cf2988614df4c96782b"/><file name="psd.png" hash="787a96924e9b114e75f48b540ff480a2"/><file name="ruby.png" hash="661505d2efc05b2347492e4949f564d5"/><file name="script.png" hash="13ad2158a4889c26a851f99b261e4c5c"/><file name="spinner.gif" hash="9a8269421303631316be4ab5e34870e1"/><file name="txt.png" hash="0da66bdb013f9a9d12ce7219e642bc25"/><file name="xls.png" hash="7363cb7630d1d4b441183345fd15ae62"/><file name="zip.png" hash="2eba6780fc7d3663bc44808480c6bd8a"/></dir></dir></dir></dir></dir></target></contents>
    <compatible/>
    <dependencies/>
</package>
