<?xml version="1.0"?>
<package>
    <name>product_locator</name>
    <version>0.5.1</version>
    <stability>beta</stability>
    <license uri="http://www.gnu.org/licenses/gpl-3.0.html">GPL 3.0</license>
    <channel>community</channel>
    <extends/>
    <summary>The extension displays different product locations using Google Maps with ability to filter products by categories or cities.&#xD;
</summary>
    <description>Upon installing this extension a new menu item appears in the admin called Product Locator (System -&gt; Configuration -&gt; Catalog). All attributes of the product locations (address, latitude, longitude and etc) has to be set in the admin. The address is optional when the latitude and longitude are specified and vice versa. There is ability to enable/disable Product Locator to display on the front-end and it means that you can fill out all info for product locations before users will be able to see and use it.</description>
    <notes>Beta release</notes>
    <authors><author><name>Scand Ltd.</name><user>scand_ltd</user><email>info@scand.com</email></author></authors>
    <date>2013-04-16</date>
    <time>06:58:29</time>
    <contents><target name="magelocal"><dir name="Scand"><dir name="ProductLocator"><dir name="Block"><dir name="Adminhtml"><dir name="Catalog"><dir name="Product"><dir name="Edit"><dir name="Tab"><file name="Productlocator.php" hash="68a080617ddfecbe8ec92c0b8f9f5b77"/></dir></dir></dir></dir></dir><dir name="Product"><file name="Map.php" hash="9d937e606700d243cee1ab2af7ab9fdd"/><file name="Options.php" hash="7645f831acfd30b5ecd60f9ec4e22846"/></dir></dir><dir name="Helper"><file name="Data.php" hash="6d2dc8a4bdf40d2e59a0f7977a6b61cf"/></dir><dir name="Model"><dir name="Customer"><file name="Attribute.php" hash="4f7cc98095d5c5dfaefec5ed3a321fdf"/></dir><dir name="Mysql4"><dir name="Product"><dir name="Address"><file name="Collection.php" hash="02e03b6052f4efc160e8a445dc020d0c"/></dir><file name="Address.php" hash="ce08d0107dc0a5feb6591a3d66bc8b8e"/></dir></dir><file name="Observer.php" hash="d1e3c7e44c356319430fd8dd403817e0"/><dir name="Product"><file name="Address.php" hash="e8827adedcc23fc2d68d4c3595048ce4"/><dir name="Renderer"><file name="Region.php" hash="1cf8eed0e8697807ab3bff593c19754b"/></dir></dir><dir name="System"><dir name="Config"><dir name="Source"><file name="Groupby.php" hash="c9c3f239002beea9e2ecd0d0ad2c06dd"/></dir></dir></dir></dir><dir name="controllers"><file name="ProductController.php" hash="c5a215a07f3f4134e5a3d2dbb08b9018"/></dir><dir name="etc"><file name="adminhtml.xml" hash="d6131e9476710ac032b2988c8a574ec5"/><file name="config.xml" hash="350b8e991d3981055ead5401c7dfec4a"/><file name="system.xml" hash="4154bcb07bdd20aaf97e210285164f6e"/></dir><dir name="sql"><dir name="productlocator_setup"><file name="mysql4-install-0.1.0.php" hash="357c55cd4a6ec9cf49bf023f01a63c78"/></dir></dir></dir></dir></target><target name="magedesign"><dir name="adminhtml"><dir name="default"><dir name="default"><dir name="layout"><file name="productlocator.xml" hash="37034b4175c96640895cd9470657868c"/></dir><dir name="template"><dir name="productlocator"><dir name="catalog"><dir name="product"><dir name="edit"><file name="tab.phtml" hash="04d9033894f70accf2ad8d4c1cd372ae"/></dir></dir></dir></dir></dir></dir></dir></dir><dir name="frontend"><dir name="base"><dir name="default"><dir name="layout"><file name="productlocator.xml" hash="33cf4f380fe09a79005b668e69181b16"/></dir><dir name="template"><dir name="productlocator"><dir name="product"><file name="map.phtml" hash="5bceeaa76c480be41a1e80031abe45e7"/><file name="options.phtml" hash="95d1f4492f19717aca1ccb3cac2f64d3"/></dir></dir></dir></dir></dir></dir></target><target name="mageetc"><dir name="modules"><file name="Scand_ProductLocator.xml" hash="17cc931cd1a535c2a8e76bb25c49e728"/></dir></target><target name="mageskin"><dir name="frontend"><dir name="base"><dir name="default"><dir name="js"><dir name="scand"><file name="productlocator.js" hash="b0fb1a59552112295ac08c3e8c1741bb"/></dir></dir></dir></dir></dir></target></contents>
    <compatible/>
    <dependencies><required><php><min>5.2.0</min><max>6.0.0</max></php></required></dependencies>
</package>
